CTYNAME,year,drugOverdose,population,drugOverdoseRate,GrowthRate,Naloxone,NaloxoneRate,suicides,suicideRate
Adams,2017,181,27706,6.532880964412041,-2.912,,,,
Allen,2017,632,101603,6.220288771000856,-4.4707,,,,
Ashland,2017,113,53040,2.130467571644042,-0.527,,,,
Ashtabula,2017,588,96549,6.090171829848057,-4.7868,,,,
Athens,2017,175,64943,2.694670711239086,-0.3529,,,,
Auglaize,2017,175,45496,3.8464919992966418,-0.8759,,,,
Belmont,2017,154,65952,2.3350315380883067,-6.2289,,,,
Brown,2017,205,43156,4.750208545741033,-3.8049,,,,
Butler,2017,3065,385402,7.95273506624252,4.4161,,,,
Carroll,2017,56,26578,2.1070057942659344,-7.8624,,,,
Champaign,2017,231,39085,5.910195727261097,-2.4777,,,,
Clark,2017,1369,133193,10.278317929620924,-3.6746,,,,
Clermont,2017,1141,208232,5.479465211879058,5.3784,,,,
Clinton,2017,299,41734,7.164422293573585,-0.4485,,,,
Columbiana,2017,341,100703,3.386195048806888,-6.6614,,,,
Coshocton,2017,117,36608,3.1960227272727275,-0.8934,,,,
Crawford,2017,104,41514,2.5051789757672114,-5.1195,,,,
Cuyahoga,2017,6533,1221780,5.3471165021525975,-4.4058,,,,
Darke,2017,164,50741,3.2321002739402065,-4.1954,,,,
Defiance,2017,116,38083,3.0459785205997427,-2.5562,,,,
Delaware,2017,293,217349,1.348062332929988,24.1292,,,,
Erie,2017,449,73772,6.086320013013068,-4.1648,,,,
Fairfield,2017,520,160758,3.2346757237586936,9.7946,,,,
Fayette,2017,427,28269,15.104885209947293,-2.5677,,,,
Franklin,2017,4620,1334870,3.4610111846097373,14.4632,,,,
Fulton,2017,84,41844,2.0074562661313453,-1.8415,,,,
Gallia,2017,184,29804,6.173667964031674,-4.0808,,,,
Geauga,2017,188,93057,2.02026714809203,-0.3555,,,,
Greene,2017,1082,171919,6.2936615499159485,6.3934,,,,
Guernsey,2017,121,38603,3.134471414138797,-3.865,,,,
Hamilton,2017,3997,821529,4.865318205443752,2.3995,,,,
Hancock,2017,204,75509,2.7016647022209272,1.0979,,,,
Hardin,2017,118,31259,3.7749128251063695,-2.7018,,,,
Harrison,2017,31,14786,2.096577843906398,-6.5656,,,,
Henry,2017,51,26836,1.9004322551796096,-4.7389,,,,
Highland,2017,351,43379,8.091472832476542,-0.5548,,,,
Hocking,2017,109,28078,3.882042880547048,-4.7493,,,,
Holmes,2017,37,44042,0.8401071704282276,3.6941,,,,
Huron,2017,429,58070,7.387635612192182,-2.5017,,,,
Jackson,2017,165,32507,5.075829821269265,-2.2287,,,,
Jefferson,2017,307,64427,4.7650829621121575,-7.5255,,,,
Knox,2017,208,63166,3.292910743121299,3.3983,,,,
Lake,2017,957,230243,4.156478155687687,0.0996,,,,
Lawrence,2017,13,58855,0.2208818282219012,-5.7174,,,,
Licking,2017,495,179254,2.761444653954724,7.5277,,,,
Logan,2017,200,46352,4.31480842250604,1.3314,,,,
Lorain,2017,1181,311395,3.792610671333836,3.2895,,,,
Lucas,2017,2130,425820,5.00211356911371,-3.5371,,,,
Madison,2017,214,45415,4.712099526588132,4.5609,,,,
Mahoning,2017,1207,227617,5.302767367990968,-4.5155,,,,
Marion,2017,405,64425,6.286379511059371,-3.0591,,,,
Medina,2017,534,181282,2.9456868304630355,5.0855,,,,
Meigs,2017,125,22593,5.532687115478246,-4.7954,,,,
Mercer,2017,129,41612,3.100067288282226,2.0202,,,,
Miami,2017,630,108877,5.786346060233107,6.2349,,,,
Monroe,2017,8,13388,0.5975500448162533,-8.3579,,,,
Montgomery,2017,4889,531861,9.192251358907685,-0.6975,,,,
Morgan,2017,46,14362,3.202896532516363,-4.4699,,,,
Morrow,2017,122,35758,3.4118239275127245,2.7824,,,,
Muskingum,2017,335,86383,3.878077862542398,0.196,,,,
Noble,2017,38,14578,2.6066675812868705,-0.5593,,,,
Ottawa,2017,123,40037,3.072158253615406,-3.1964,,,,
Paulding,2017,30,18532,1.6188214979494928,-5.2411,,,,
Perry,2017,89,36324,2.4501706860477923,0.7964,,,,
Pickaway,2017,195,59217,3.292973301585693,6.2379,,,,
Pike,2017,162,27452,5.901209383651464,-4.0542,,,,
Portage,2017,522,162394,3.214404473071665,0.6246,,,,
Preble,2017,287,40624,7.064789287120914,-3.6661,,,,
Putnam,2017,70,33979,2.060095941610995,-1.4416,,,,
Richland,2017,764,121488,6.288686948505203,-2.1536,,,,
Ross,2017,528,76230,6.926406926406926,-2.3919,,,,
Sandusky,2017,205,58074,3.5299789923201432,-4.6169,,,,
Scioto,2017,546,74982,7.281747619428662,-5.8772,,,,
Seneca,2017,307,55146,5.567040220505567,-2.5999,,,,
Shelby,2017,262,48526,5.399167456621193,-1.6677,,,,
Stark,2017,1238,369322,3.352088421485858,-1.6117,,,,
Summit,2017,2778,540333,5.141273992149285,-0.2422,,,,
Trumbull,2017,1272,196844,6.461969884781857,-6.1933,,,,
Tuscarawas,2017,300,91803,3.2678670631678703,-0.7996,,,,
Union,2017,125,61400,2.035830618892508,17.0326,,,,
Van Wert,2017,129,28319,4.555245594830326,-1.2518,,,,
Vinton,2017,47,12965,3.625144620131122,-3.2824,,,,
Warren,2017,1076,239916,4.484903049400623,12.4102,,,,
Washington,2017,156,59511,2.6213641175580986,-3.5681,,,,
Wayne,2017,425,115550,3.678061445261792,1.0105,,,,
Williams,2017,89,36598,2.431826875785562,-2.4366,,,,
Wood,2017,294,131569,2.234568933411366,4.4613,,,,
Wyandot,2017,61,21480,2.839851024208566,-4.9053,,,,
Adams,2018,127,27706,4.583844654587454,-2.912,,,,
Allen,2018,352,101603,3.464464631949844,-4.4707,,,,
Ashland,2018,80,53040,1.5082956259426847,-0.527,,,,
Ashtabula,2018,415,96549,4.298335560181877,-4.7868,,,,
Athens,2018,149,64943,2.294319634140708,-0.3529,,,,
Auglaize,2018,145,45496,3.1870933708457887,-0.8759,,,,
Belmont,2018,84,65952,1.2736535662299855,-6.2289,,,,
Brown,2018,159,43156,3.684308091574752,-3.8049,,,,
Butler,2018,1861,385402,4.828724293075801,4.4161,,,,
Carroll,2018,50,26578,1.881255173451727,-7.8624,,,,
Champaign,2018,126,39085,3.2237431239605985,-2.4777,,,,
Clark,2018,737,133193,5.533323823324048,-3.6746,,,,
Clermont,2018,819,208232,3.9331130661953977,5.3784,,,,
Clinton,2018,211,41734,5.055829779077012,-0.4485,,,,
Columbiana,2018,372,100703,3.694030962334786,-6.6614,,,,
Coshocton,2018,124,36608,3.387237762237762,-0.8934,,,,
Crawford,2018,90,41514,2.1679433444139327,-5.1195,,,,
Cuyahoga,2018,4525,1221780,3.703612761708327,-4.4058,,,,
Darke,2018,130,50741,2.562030704952602,-4.1954,,,,
Defiance,2018,96,38083,2.520809810151511,-2.5562,,,,
Delaware,2018,291,217349,1.3388605422615243,24.1292,,,,
Erie,2018,274,73772,3.714146288564767,-4.1648,,,,
Fairfield,2018,448,160758,2.7867975466228745,9.7946,,,,
Fayette,2018,171,28269,6.0490289716650745,-2.5677,,,,
Franklin,2018,4004,1334870,2.999543026661772,14.4632,,,,
Fulton,2018,109,41844,2.6049134881942453,-1.8415,,,,
Gallia,2018,136,29804,4.5631458864581935,-4.0808,,,,
Geauga,2018,130,93057,1.3969932407019354,-0.3555,,,,
Greene,2018,598,171919,3.4783822614138056,6.3934,,,,
Guernsey,2018,157,38603,4.067041421651167,-3.865,,,,
Hamilton,2018,3296,821529,4.01203122470418,2.3995,,,,
Hancock,2018,195,75509,2.582473612417063,1.0979,,,,
Hardin,2018,77,31259,2.463290572315173,-2.7018,,,,
Harrison,2018,23,14786,1.5555254970918435,-6.5656,,,,
Henry,2018,49,26836,1.8259055000745268,-4.7389,,,,
Highland,2018,169,43379,3.895894326747965,-0.5548,,,,
Hocking,2018,83,28078,2.9560510007835314,-4.7493,,,,
Holmes,2018,31,44042,0.7038735752236501,3.6941,,,,
Huron,2018,247,58070,4.253487170656105,-2.5017,,,,
Jackson,2018,138,32507,4.245239486879749,-2.2287,,,,
Jefferson,2018,304,64427,4.71851863349217,-7.5255,,,,
Knox,2018,138,63166,2.184719627647785,3.3983,,,,
Lake,2018,752,230243,3.266114496423344,0.0996,,,,
Lawrence,2018,9,58855,0.1529181887690086,-5.7174,,,,
Licking,2018,418,179254,2.3318865966728777,7.5277,,,,
Logan,2018,129,46352,2.7830514325163964,1.3314,,,,
Lorain,2018,998,311395,3.2049326418214807,3.2895,,,,
Lucas,2018,1931,425820,4.534779953971162,-3.5371,,,,
Madison,2018,146,45415,3.2147968732797536,4.5609,,,,
Mahoning,2018,895,227617,3.932043740142432,-4.5155,,,,
Marion,2018,421,64425,6.534730306558013,-3.0591,,,,
Medina,2018,365,181282,2.013437627563685,5.0855,,,,
Meigs,2018,97,22593,4.293365201611119,-4.7954,,,,
Mercer,2018,68,41612,1.6341439969239642,2.0202,,,,
Miami,2018,368,108877,3.379960873279021,6.2349,,,,
Monroe,2018,16,13388,1.1951000896325066,-8.3579,,,,
Montgomery,2018,2361,531861,4.439129772628562,-0.6975,,,,
Morgan,2018,41,14362,2.854755605068932,-4.4699,,,,
Morrow,2018,123,35758,3.4397896974103697,2.7824,,,,
Muskingum,2018,249,86383,2.8825116052927084,0.196,,,,
Noble,2018,31,14578,2.12649197420771,-0.5593,,,,
Ottawa,2018,113,40037,2.822389289906836,-3.1964,,,,
Paulding,2018,40,18532,2.158428663932657,-5.2411,,,,
Perry,2018,74,36324,2.03722057042176,0.7964,,,,
Pickaway,2018,177,59217,2.989006535285476,6.2379,,,,
Pike,2018,96,27452,3.4970129680897566,-4.0542,,,,
Portage,2018,334,162394,2.056726233727847,0.6246,,,,
Preble,2018,136,40624,3.34777471445451,-3.6661,,,,
Putnam,2018,38,33979,1.1183377968745405,-1.4416,,,,
Richland,2018,481,121488,3.959238772553668,-2.1536,,,,
Ross,2018,381,76230,4.998032270759544,-2.3919,,,,
Sandusky,2018,154,58074,2.6517890966697664,-4.6169,,,,
Scioto,2018,366,74982,4.881171481155477,-5.8772,,,,
Seneca,2018,223,55146,4.043810974504043,-2.5999,,,,
Shelby,2018,162,48526,3.3384165189795163,-1.6677,,,,
Stark,2018,922,369322,2.496466498069436,-1.6117,,,,
Summit,2018,1849,540333,3.4219638630252085,-0.2422,,,,
Trumbull,2018,645,196844,3.2767064274247626,-6.1933,,,,
Tuscarawas,2018,241,91803,2.625186540744856,-0.7996,,,,
Union,2018,111,61400,1.807817589576548,17.0326,,,,
Van Wert,2018,78,28319,2.75433454571136,-1.2518,,,,
Vinton,2018,35,12965,2.699575780948708,-3.2824,,,,
Warren,2018,601,239916,2.5050434318678203,12.4102,,,,
Washington,2018,152,59511,2.554149653005327,-3.5681,,,,
Wayne,2018,266,115550,2.302033751622674,1.0105,,,,
Williams,2018,122,36598,3.333515492649872,-2.4366,,,,
Wood,2018,272,131569,2.0673562921356856,4.4613,,,,
Wyandot,2018,50,21480,2.3277467411545625,-4.9053,,,,
Adams,2019,105,27706,3.789792824658919,-2.912,147.0,5.305709954522486,0.0,0.0
Allen,2019,332,101603,3.2676200505890574,-4.4707,98.0,0.9645384486678544,11.0,0.10826451974843262
Ashland,2019,61,53040,1.1500754147812973,-0.527,74.0,1.3951734539969831,0.0,0.0
Ashtabula,2019,461,96549,4.774777574081554,-4.7868,334.0,3.4593833183150524,17.0,0.1760763964411853
Athens,2019,143,64943,2.2019309240410823,-0.3529,110.0,1.69379301849314,11.0,0.16937930184931402
Auglaize,2019,94,45496,2.066115702479339,-0.8759,47.0,1.0330578512396695,0.0,0.0
Belmont,2019,50,65952,0.7581271227559437,-6.2289,185.0,2.805070354196992,11.0,0.16678796700630763
Brown,2019,147,43156,3.4062471035313746,-3.8049,138.0,3.197701362498841,0.0,0.0
Butler,2019,1770,385402,4.592607199755061,4.4161,1664.0,4.317569706436396,60.0,0.155681599991697
Carroll,2019,38,26578,1.4297539318233126,-7.8624,29.0,1.0911280006020017,0.0,0.0
Champaign,2019,100,39085,2.5585262888576183,-2.4777,61.0,1.560701036203147,10.0,0.2558526288857618
Clark,2019,662,133193,4.9702311683046405,-3.6746,856.0,6.426764169288176,27.0,0.20271335580698685
Clermont,2019,732,208232,3.5153098467094392,5.3784,387.0,1.858503976334089,44.0,0.2113027776710592
Clinton,2019,201,41734,4.816216993338765,-0.4485,127.0,3.0430823788757366,0.0,0.0
Columbiana,2019,428,100703,4.250121644836797,-6.6614,165.0,1.6384814752291392,24.0,0.23832457821514752
Coshocton,2019,135,36608,3.687718531468532,-0.8934,62.0,1.693618881118881,10.0,0.2731643356643357
Crawford,2019,98,41514,2.360649419472949,-5.1195,43.0,1.0357951534422123,15.0,0.36132389073565546
Cuyahoga,2019,4460,1221780,3.650411694413069,-4.4058,6049.0,4.950973170292524,197.0,0.16124015780255038
Darke,2019,130,50741,2.562030704952602,-4.1954,176.0,3.468595415935831,0.0,0.0
Defiance,2019,98,38083,2.5733266811963347,-2.5562,31.0,0.8140115011947587,0.0,0.0
Delaware,2019,303,217349,1.3940712862723086,24.1292,240.0,1.10421488021569,28.0,0.12882506935849716
Erie,2019,248,73772,3.361709049503877,-4.1648,398.0,5.395000813316705,14.0,0.189773897955864
Fairfield,2019,413,160758,2.569078988292962,9.7946,217.0,1.3498550616454543,24.0,0.1492927257119397
Fayette,2019,152,28269,5.376914641480066,-2.5677,200.0,7.074887686157982,0.0,0.0
Franklin,2019,4513,1334870,3.3808535662648795,14.4632,5837.0,4.372710451204986,164.0,0.12285840568744522
Fulton,2019,91,41844,2.174744288308957,-1.8415,58.0,1.3861007551859288,0.0,0.0
Gallia,2019,97,29804,3.254596698429741,-4.0808,80.0,2.6842034626224667,12.0,0.40263051939337
Geauga,2019,144,93057,1.547438666623682,-0.3555,95.0,1.020879675897568,12.0,0.1289532222186402
Greene,2019,637,171919,3.705233278462532,6.3934,514.0,2.989780070847317,19.0,0.11051716215194364
Guernsey,2019,206,38603,5.3363728207652255,-3.865,129.0,3.3417091935859906,0.0,0.0
Hamilton,2019,3244,821529,3.948734615576565,2.3995,3709.0,4.514752370275425,120.0,0.14606909798680265
Hancock,2019,178,75509,2.357334887231986,1.0979,98.0,1.2978585334198571,14.0,0.18540836191712246
Hardin,2019,106,31259,3.391023385265044,-2.7018,73.0,2.335327425701398,0.0,0.0
Harrison,2019,31,14786,2.096577843906398,-6.5656,,,0.0,0.0
Henry,2019,55,26836,2.049485765389775,-4.7389,48.0,1.7886421225219855,0.0,0.0
Highland,2019,165,43379,3.8036838101385455,-0.5548,142.0,3.273473339634385,0.0,0.0
Hocking,2019,105,28078,3.7395825913526606,-4.7493,45.0,1.6026782534368549,0.0,0.0
Holmes,2019,32,44042,0.726579174424413,3.6941,24.0,0.5449343808183098,0.0,0.0
Huron,2019,260,58070,4.47735491648011,-2.5017,361.0,6.216635095574307,16.0,0.2755295333218529
Jackson,2019,126,32507,3.876088227151075,-2.2287,39.0,1.19974159411819,12.0,0.3691512597286738
Jefferson,2019,232,64427,3.600974746612445,-7.5255,93.0,1.4434941872196438,16.0,0.24834308597327207
Knox,2019,108,63166,1.7097805781591362,3.3983,102.0,1.6147927682614065,12.0,0.18997561979545957
Lake,2019,771,230243,3.3486360063063807,0.0996,1146.0,4.977350017155787,47.0,0.20413215602645898
Lawrence,2019,9,58855,0.1529181887690086,-5.7174,347.0,5.895845722538442,0.0,0.0
Licking,2019,355,179254,1.980430004351368,7.5277,190.0,1.0599484530331262,34.0,0.18967498633224364
Logan,2019,136,46352,2.934069727304108,1.3314,73.0,1.5749050742147048,10.0,0.21574042112530203
Lorain,2019,864,311395,2.774611024582925,3.2895,1110.0,3.5646044413044526,52.0,0.16699047833137975
Lucas,2019,1958,425820,4.598187027382462,-3.5371,4035.0,9.475834859799916,81.0,0.19022122023390164
Madison,2019,183,45415,4.029505669932842,4.5609,154.0,3.390950126610151,0.0,0.0
Mahoning,2019,931,227617,4.09020415874034,-4.5155,752.0,3.303795410711854,41.0,0.18012714340317287
Marion,2019,409,64425,6.348467209934032,-3.0591,379.0,5.882809468374078,18.0,0.27939464493597205
Medina,2019,359,181282,1.9803400227270216,5.0855,152.0,0.8384726558621375,31.0,0.17100429165609382
Meigs,2019,82,22593,3.629442747753729,-4.7954,38.0,1.6819368831053865,0.0,0.0
Mercer,2019,73,41612,1.7543016437566088,2.0202,91.0,2.1868691723541285,0.0,0.0
Miami,2019,328,108877,3.012573821835649,6.2349,186.0,1.7083497892116792,12.0,0.11021611543301157
Monroe,2019,10,13388,0.7469375560203168,-8.3579,2.0,0.1493875112040633,0.0,0.0
Montgomery,2019,2470,531861,4.644070537226832,-0.6975,3855.0,7.24813438097548,94.0,0.17673790708474582
Morgan,2019,42,14362,2.924383790558418,-4.4699,33.0,2.2977301211530428,0.0,0.0
Morrow,2019,133,35758,3.719447396386823,2.7824,49.0,1.3703227249846188,0.0,0.0
Muskingum,2019,225,86383,2.6046791614090736,0.196,270.0,3.1256149936908884,17.0,0.1967979810842411
Noble,2019,41,14578,2.812457127177939,-0.5593,0.0,0.0,0.0,0.0
Ottawa,2019,112,40037,2.79741239353598,-3.1964,83.0,2.0730823987811275,12.0,0.29972275645028346
Paulding,2019,26,18532,1.4029786315562272,-5.2411,0.0,0.0,0.0,0.0
Perry,2019,63,36324,1.734390485629336,0.7964,67.0,1.8445105164629447,0.0,0.0
Pickaway,2019,184,59217,3.107215833291116,6.2379,109.0,1.8406876403735413,12.0,0.2026445108668119
Pike,2019,113,27452,4.116275681188984,-4.0542,37.0,1.3478070814512604,0.0,0.0
Portage,2019,443,162394,2.7279332980282525,0.6246,366.0,2.253777848935305,25.0,0.15394657438082687
Preble,2019,141,40624,3.470854667191808,-3.6661,130.0,3.200078771169752,0.0,0.0
Putnam,2019,50,33979,1.4714971011507103,-1.4416,14.0,0.4120191883221989,0.0,0.0
Richland,2019,525,121488,4.321414460687475,-2.1536,371.0,3.053799552219149,12.0,0.09877518767285658
Ross,2019,468,76230,6.13931523022432,-2.3919,344.0,4.512659058113604,11.0,0.1443001443001443
Sandusky,2019,146,58074,2.514033818920688,-4.6169,166.0,2.858422013293384,0.0,0.0
Scioto,2019,336,74982,4.481075458109946,-5.8772,271.0,3.614200741511296,13.0,0.17337494331973008
Seneca,2019,212,55146,3.844340478003845,-2.5999,115.0,2.0853733725020853,14.0,0.2538715410002539
Shelby,2019,132,48526,2.720191237687013,-1.6677,129.0,2.6583687095577626,0.0,0.0
Stark,2019,814,369322,2.204038752091671,-1.6117,826.0,2.2365307238669776,79.0,0.21390548085410563
Summit,2019,225,540333,0.4164098805736462,-0.2422,2422.0,4.48242102555276,102.0,0.1887724791933863
Trumbull,2019,952,196844,4.836317083578875,-6.1933,774.0,3.932047712909715,41.0,0.20828676515413222
Tuscarawas,2019,247,91803,2.690543882008213,-0.7996,179.0,1.9498273476901624,11.0,0.11982179231615525
Union,2019,84,61400,1.3680781758957654,17.0326,66.0,1.0749185667752443,0.0,0.0
Van Wert,2019,59,28319,2.083406899961157,-1.2518,,,0.0,0.0
Vinton,2019,44,12965,3.393752410335519,-3.2824,37.0,2.853837254145777,0.0,0.0
Warren,2019,518,239916,2.159089014488404,12.4102,376.0,1.5672151919838608,32.0,0.133380016339052
Washington,2019,110,59511,1.8483977752012235,-3.5681,55.0,0.9241988876006116,11.0,0.18483977752012232
Wayne,2019,344,115550,2.9770662051060146,1.0105,215.0,1.8606663781912591,24.0,0.2077022933794894
Williams,2019,96,36598,2.6230941581507183,-2.4366,49.0,1.338870976556096,0.0,0.0
Wood,2019,237,131569,1.8013361810152848,4.4613,230.0,1.7481321587912046,11.0,0.08360632063784022
Wyandot,2019,47,21480,2.1880819366852884,-4.9053,35.0,1.6294227188081938,0.0,0.0
Adams,2020,87,27706,3.14011405471739,-2.912,159.0,5.738829134483505,0.0,0.0
Allen,2020,366,101603,3.602255838902394,-4.4707,122.0,1.2007519463007983,11.0,0.10826451974843262
Ashland,2020,94,53040,1.7722473604826543,-0.527,70.0,1.3197586726998491,0.0,0.0
Ashtabula,2020,427,96549,4.422624781199184,-4.7868,595.0,6.162673875441485,17.0,0.1760763964411853
Athens,2020,171,64943,2.633078237839336,-0.3529,125.0,1.9247647937422048,11.0,0.16937930184931402
Auglaize,2020,92,45496,2.0221557939159487,-0.8759,43.0,0.945138034112889,0.0,0.0
Belmont,2020,66,65952,1.0007278020378458,-6.2289,208.0,3.153808830664726,11.0,0.16678796700630763
Brown,2020,152,43156,3.5221058485494487,-3.8049,162.0,3.7538233385855966,0.0,0.0
Butler,2020,1486,385402,3.8557142931276953,4.4161,1577.0,4.091831386448436,60.0,0.155681599991697
Carroll,2020,39,26578,1.467379035292347,-7.8624,12.0,0.4515012416284145,0.0,0.0
Champaign,2020,121,39085,3.095816809517718,-2.4777,98.0,2.507355763080466,10.0,0.2558526288857618
Clark,2020,613,133193,4.602343967025294,-3.6746,898.0,6.742096056099045,27.0,0.20271335580698685
Clermont,2020,622,208232,2.987052902531792,5.3784,453.0,2.1754581428406774,44.0,0.2113027776710592
Clinton,2020,154,41734,3.690036900369003,-0.4485,132.0,3.16288877174486,0.0,0.0
Columbiana,2020,417,100703,4.140889546488188,-6.6614,148.0,1.4696682323267432,24.0,0.23832457821514752
Coshocton,2020,112,36608,3.05944055944056,-0.8934,90.0,2.458479020979021,10.0,0.2731643356643357
Crawford,2020,109,41514,2.625620272679096,-5.1195,21.0,0.5058534470299176,15.0,0.36132389073565546
Cuyahoga,2020,4213,1221780,3.44824763869109,-4.4058,5091.0,4.166871286156264,197.0,0.16124015780255038
Darke,2020,128,50741,2.5226148479533315,-4.1954,169.0,3.3306399164383835,0.0,0.0
Defiance,2020,94,38083,2.4682929391066883,-2.5562,56.0,1.4704723892550482,0.0,0.0
Delaware,2020,327,217349,1.5044927742938776,24.1292,255.0,1.1732283102291703,28.0,0.12882506935849716
Erie,2020,327,73772,4.432576045111967,-4.1648,405.0,5.489887762294638,14.0,0.189773897955864
Fairfield,2020,447,160758,2.7805770163848766,9.7946,288.0,1.7915127085432765,24.0,0.1492927257119397
Fayette,2020,163,28269,5.766033464218756,-2.5677,236.0,8.34836746966642,0.0,0.0
Franklin,2020,4564,1334870,3.419059533887195,14.4632,6239.0,4.673863372463236,164.0,0.12285840568744522
Fulton,2020,95,41844,2.270337443839021,-1.8415,110.0,2.6288117770767614,0.0,0.0
Gallia,2020,112,29804,3.7578848476714537,-4.0808,71.0,2.382230573077439,12.0,0.40263051939337
Geauga,2020,126,93057,1.354008833295722,-0.3555,116.0,1.2465478147801885,12.0,0.1289532222186402
Greene,2020,500,171919,2.9083463724195693,6.3934,475.0,2.7629290537985915,19.0,0.11051716215194364
Guernsey,2020,200,38603,5.18094448617983,-3.865,140.0,3.6266611403258815,0.0,0.0
Hamilton,2020,2912,821529,3.5446101111464112,2.3995,3867.0,4.707076682624716,120.0,0.14606909798680265
Hancock,2020,212,75509,2.80761233760214,1.0979,183.0,2.423552159345244,14.0,0.18540836191712246
Hardin,2020,106,31259,3.3910233852650435,-2.7018,75.0,2.399308999008285,0.0,0.0
Harrison,2020,29,14786,1.96131475720276,-6.5656,16.0,1.0821046936291083,0.0,0.0
Henry,2020,30,26836,1.117901326576241,-4.7389,52.0,1.9376956327321508,0.0,0.0
Highland,2020,148,43379,3.4117891145485144,-0.5548,160.0,3.688420664376773,0.0,0.0
Hocking,2020,109,28078,3.882042880547048,-4.7493,65.0,2.31497969940879,0.0,0.0
Holmes,2020,36,44042,0.8174015712274647,3.6941,13.0,0.2951727896099178,0.0,0.0
Huron,2020,229,58070,3.94351644566902,-2.5017,354.0,6.0960909247459965,16.0,0.2755295333218529
Jackson,2020,166,32507,5.106592426246655,-2.2287,99.0,3.045497892761559,12.0,0.3691512597286738
Jefferson,2020,289,64427,4.485696990392227,-7.5255,217.0,3.3681531035125025,16.0,0.24834308597327207
Knox,2020,144,63166,2.279707437545515,3.3983,142.0,2.248044834246272,12.0,0.18997561979545957
Lake,2020,677,230243,2.9403716942534626,0.0996,1071.0,4.651607214985906,47.0,0.20413215602645898
Lawrence,2020,0,58855,0.0,-5.7174,321.0,5.454082066094639,0.0,0.0
Licking,2020,454,179254,2.532718935142312,7.5277,335.0,1.86885648297946,34.0,0.18967498633224364
Logan,2020,107,46352,2.308422506040732,1.3314,86.0,1.8553676216775976,10.0,0.21574042112530203
Lorain,2020,985,311395,3.163185022238636,3.2895,1335.0,4.287159395622923,52.0,0.16699047833137975
Lucas,2020,1889,425820,4.436146728664694,-3.5371,4587.0,10.77215724954206,81.0,0.19022122023390164
Madison,2020,171,45415,3.765275789937245,4.5609,161.0,3.5450842232742485,0.0,0.0
Mahoning,2020,1051,227617,4.6174055540667,-4.5155,871.0,3.82660346107716,41.0,0.18012714340317287
Marion,2020,388,64425,6.022506790842065,-3.0591,343.0,5.324020178502135,18.0,0.27939464493597205
Medina,2020,334,181282,1.8424333359075915,5.0855,148.0,0.8164075859710286,31.0,0.17100429165609382
Meigs,2020,76,22593,3.3638737662107734,-4.7954,76.0,3.363873766210773,0.0,0.0
Mercer,2020,51,41612,1.225607997692973,2.0202,64.0,1.5380178794578483,0.0,0.0
Miami,2020,207,108877,1.9012279912194496,6.2349,235.0,2.1583989272298094,12.0,0.11021611543301157
Monroe,2020,19,13388,1.4191813564386018,-8.3579,9.0,0.672243800418285,0.0,0.0
Montgomery,2020,2401,531861,4.514337392664625,-0.6975,4127.0,7.759546197220702,94.0,0.17673790708474582
Morgan,2020,39,14362,2.71549923408996,-4.4699,20.0,1.392563709789723,0.0,0.0
Morrow,2020,122,35758,3.411823927512724,2.7824,92.0,2.572850830583366,0.0,0.0
Muskingum,2020,259,86383,2.998275123577556,0.196,365.0,4.2253684173969415,17.0,0.1967979810842411
Noble,2020,40,14578,2.7438606118809163,-0.5593,1.0,0.0685965152970229,0.0,0.0
Ottawa,2020,87,40037,2.1729899842645555,-3.1964,78.0,1.9481979169268424,12.0,0.29972275645028346
Paulding,2020,27,18532,1.4569393481545434,-5.2411,4.0,0.2158428663932657,0.0,0.0
Perry,2020,79,36324,2.174870608963771,0.7964,88.0,2.42264067833939,0.0,0.0
Pickaway,2020,246,59217,4.154212472769644,6.2379,168.0,2.8370231521353664,12.0,0.2026445108668119
Pike,2020,159,27452,5.791927728398659,-4.0542,61.0,2.2220603234737,0.0,0.0
Portage,2020,366,162394,2.253777848935305,0.6246,422.0,2.5986181755483577,25.0,0.15394657438082687
Preble,2020,144,40624,3.5447026388341865,-3.6661,163.0,4.01240645923592,0.0,0.0
Putnam,2020,53,33979,1.559786927219753,-1.4416,14.0,0.4120191883221989,0.0,0.0
Richland,2020,594,121488,4.8893717898064,-2.1536,484.0,3.983932569471882,12.0,0.09877518767285658
Ross,2020,395,76230,5.181686999868818,-2.3919,407.0,5.339105339105339,11.0,0.1443001443001443
Sandusky,2020,154,58074,2.6517890966697664,-4.6169,158.0,2.720666735544305,0.0,0.0
Scioto,2020,194,74982,2.5872876156944336,-5.8772,199.0,2.653970286202022,13.0,0.17337494331973008
Seneca,2020,281,55146,5.095564501505096,-2.5999,186.0,3.372864759003373,14.0,0.2538715410002539
Shelby,2020,126,48526,2.596546181428512,-1.6677,205.0,4.224539422165438,0.0,0.0
Stark,2020,753,369322,2.038871228900526,-1.6117,791.0,2.141762472855665,79.0,0.21390548085410563
Summit,2020,1521,540333,2.8149307926778486,-0.2422,1907.0,3.5293050766841927,102.0,0.1887724791933863
Trumbull,2020,1098,196844,5.578021174127736,-6.1933,1005.0,5.105565828778119,41.0,0.20828676515413222
Tuscarawas,2020,273,91803,2.973759027482762,-0.7996,254.0,2.7667941134821303,11.0,0.11982179231615525
Union,2020,80,61400,1.3029315960912051,17.0326,60.0,0.977198697068404,0.0,0.0
Van Wert,2020,65,28319,2.2952787880928,-1.2518,,,0.0,0.0
Vinton,2020,61,12965,4.704974932510606,-3.2824,57.0,4.396451986116468,0.0,0.0
Warren,2020,543,239916,2.2632921522532885,12.4102,368.0,1.533870187899098,32.0,0.133380016339052
Washington,2020,146,59511,2.453327956176169,-3.5681,115.0,1.932415855892188,11.0,0.18483977752012232
Wayne,2020,300,115550,2.5962786672436176,1.0105,303.0,2.622241453916053,24.0,0.2077022933794894
Williams,2020,108,36598,2.9509809279195585,-2.4366,12.0,0.3278867697688398,0.0,0.0
Wood,2020,277,131569,2.1053591651528856,4.4613,308.0,2.340976977859526,11.0,0.08360632063784022
Wyandot,2020,46,21480,2.141527001862197,-4.9053,32.0,1.48975791433892,0.0,0.0
